,Region,Month,Year,Start_Date,End_Date,Start_Date_Unix,End_Date_Unix,Full Location,LatLong
0,Adilabad,JAN,2023,01-01-23,31-01-23,1672511400,1675103400,"Adilabad, Telangana, India",lat=19.5&lon=78.5
1,Adilabad,FEB,2023,01-02-23,28-02-23,1675189800,1677522600,"Adilabad, Telangana, India",lat=19.5&lon=78.5
2,Nizamabad,JAN,2023,01-01-23,31-01-23,1672511400,1675103400,"Nizamabad, Telangana, India",lat=18.75&lon=78.25
3,Nizamabad,FEB,2023,01-02-23,28-02-23,1675189800,1677522600,"Nizamabad, Telangana, India",lat=18.75&lon=78.25
4,Warangal,JAN,2023,01-01-23,31-01-23,1672511400,1675103400,"Warangal, Telangana, India",lat=17.9820644&lon=79.5970954
5,Warangal,FEB,2023,01-02-23,28-02-23,1675189800,1677522600,"Warangal, Telangana, India",lat=17.9820644&lon=79.5970954
6,Warangal,JAN,2023,01-01-23,31-01-23,1672511400,1675103400,"Warangal, Telangana, India",lat=17.9820644&lon=79.5970954
7,Warangal,FEB,2023,01-02-23,28-02-23,1675189800,1677522600,"Warangal, Telangana, India",lat=17.9820644&lon=79.5970954
8,Karimnagar,JAN,2023,01-01-23,31-01-23,1672511400,1675103400,"Karimnagar, Telangana, India",lat=18.4348122&lon=79.1328042
9,Karimnagar,FEB,2023,01-02-23,28-02-23,1675189800,1677522600,"Karimnagar, Telangana, India",lat=18.4348122&lon=79.1328042
10,Karimnagar,JAN,2023,01-01-23,31-01-23,1672511400,1675103400,"Karimnagar, Telangana, India",lat=18.4348122&lon=79.1328042
11,Karimnagar,FEB,2023,01-02-23,28-02-23,1675189800,1677522600,"Karimnagar, Telangana, India",lat=18.4348122&lon=79.1328042
12,Khammam,JAN,2023,01-01-23,31-01-23,1672511400,1675103400,"Khammam, Telangana, India",lat=17.5&lon=80.333333
13,Khammam,FEB,2023,01-02-23,28-02-23,1675189800,1677522600,"Khammam, Telangana, India",lat=17.5&lon=80.333333
14,Adilabad,JAN,2022,01-01-22,31-01-22,1640975400,1643567400,"Adilabad, Telangana, India",lat=19.5&lon=78.5
15,Adilabad,FEB,2022,01-02-22,28-02-22,1643653800,1645986600,"Adilabad, Telangana, India",lat=19.5&lon=78.5
16,Adilabad,MAR,2022,01-03-22,31-03-22,1646073000,1648665000,"Adilabad, Telangana, India",lat=19.5&lon=78.5
17,Adilabad,APR,2022,01-04-22,30-04-22,1648751400,1651257000,"Adilabad, Telangana, India",lat=19.5&lon=78.5
18,Adilabad,MAY,2022,01-05-22,31-05-22,1651343400,1653935400,"Adilabad, Telangana, India",lat=19.5&lon=78.5
19,Adilabad,JUN,2022,01-06-22,30-06-22,1654021800,1656527400,"Adilabad, Telangana, India",lat=19.5&lon=78.5
20,Adilabad,JUL,2022,01-07-22,31-07-22,1656613800,1659205800,"Adilabad, Telangana, India",lat=19.5&lon=78.5
21,Adilabad,AUG,2022,01-08-22,31-08-22,1659292200,1661884200,"Adilabad, Telangana, India",lat=19.5&lon=78.5
22,Adilabad,SEP,2022,01-09-22,30-09-22,1661970600,1664476200,"Adilabad, Telangana, India",lat=19.5&lon=78.5
23,Adilabad,OCT,2022,01-10-22,31-10-22,1664562600,1667154600,"Adilabad, Telangana, India",lat=19.5&lon=78.5
24,Adilabad,NOV,2022,01-11-22,30-11-22,1667241000,1669746600,"Adilabad, Telangana, India",lat=19.5&lon=78.5
25,Adilabad,DEC,2022,01-12-22,31-12-22,1669833000,1672425000,"Adilabad, Telangana, India",lat=19.5&lon=78.5
26,Nizamabad,JAN,2022,01-01-22,31-01-22,1640975400,1643567400,"Nizamabad, Telangana, India",lat=18.75&lon=78.25
27,Nizamabad,FEB,2022,01-02-22,28-02-22,1643653800,1645986600,"Nizamabad, Telangana, India",lat=18.75&lon=78.25
28,Nizamabad,MAR,2022,01-03-22,31-03-22,1646073000,1648665000,"Nizamabad, Telangana, India",lat=18.75&lon=78.25
29,Nizamabad,APR,2022,01-04-22,30-04-22,1648751400,1651257000,"Nizamabad, Telangana, India",lat=18.75&lon=78.25
30,Nizamabad,MAY,2022,01-05-22,31-05-22,1651343400,1653935400,"Nizamabad, Telangana, India",lat=18.75&lon=78.25
31,Nizamabad,JUN,2022,01-06-22,30-06-22,1654021800,1656527400,"Nizamabad, Telangana, India",lat=18.75&lon=78.25
32,Nizamabad,JUL,2022,01-07-22,31-07-22,1656613800,1659205800,"Nizamabad, Telangana, India",lat=18.75&lon=78.25
33,Nizamabad,AUG,2022,01-08-22,31-08-22,1659292200,1661884200,"Nizamabad, Telangana, India",lat=18.75&lon=78.25
34,Nizamabad,SEP,2022,01-09-22,30-09-22,1661970600,1664476200,"Nizamabad, Telangana, India",lat=18.75&lon=78.25
35,Nizamabad,OCT,2022,01-10-22,31-10-22,1664562600,1667154600,"Nizamabad, Telangana, India",lat=18.75&lon=78.25
36,Nizamabad,NOV,2022,01-11-22,30-11-22,1667241000,1669746600,"Nizamabad, Telangana, India",lat=18.75&lon=78.25
37,Nizamabad,DEC,2022,01-12-22,31-12-22,1669833000,1672425000,"Nizamabad, Telangana, India",lat=18.75&lon=78.25
38,Warangal,JAN,2022,01-01-22,31-01-22,1640975400,1643567400,"Warangal, Telangana, India",lat=17.9820644&lon=79.5970954
39,Warangal,FEB,2022,01-02-22,28-02-22,1643653800,1645986600,"Warangal, Telangana, India",lat=17.9820644&lon=79.5970954
40,Warangal,MAR,2022,01-03-22,31-03-22,1646073000,1648665000,"Warangal, Telangana, India",lat=17.9820644&lon=79.5970954
41,Warangal,APR,2022,01-04-22,30-04-22,1648751400,1651257000,"Warangal, Telangana, India",lat=17.9820644&lon=79.5970954
42,Warangal,MAY,2022,01-05-22,31-05-22,1651343400,1653935400,"Warangal, Telangana, India",lat=17.9820644&lon=79.5970954
43,Warangal,JUN,2022,01-06-22,30-06-22,1654021800,1656527400,"Warangal, Telangana, India",lat=17.9820644&lon=79.5970954
44,Warangal,JUL,2022,01-07-22,31-07-22,1656613800,1659205800,"Warangal, Telangana, India",lat=17.9820644&lon=79.5970954
45,Warangal,AUG,2022,01-08-22,31-08-22,1659292200,1661884200,"Warangal, Telangana, India",lat=17.9820644&lon=79.5970954
46,Warangal,SEP,2022,01-09-22,30-09-22,1661970600,1664476200,"Warangal, Telangana, India",lat=17.9820644&lon=79.5970954
47,Warangal,OCT,2022,01-10-22,31-10-22,1664562600,1667154600,"Warangal, Telangana, India",lat=17.9820644&lon=79.5970954
48,Warangal,NOV,2022,01-11-22,30-11-22,1667241000,1669746600,"Warangal, Telangana, India",lat=17.9820644&lon=79.5970954
49,Warangal,DEC,2022,01-12-22,31-12-22,1669833000,1672425000,"Warangal, Telangana, India",lat=17.9820644&lon=79.5970954
50,Warangal,JAN,2022,01-01-22,31-01-22,1640975400,1643567400,"Warangal, Telangana, India",lat=17.9820644&lon=79.5970954
51,Warangal,FEB,2022,01-02-22,28-02-22,1643653800,1645986600,"Warangal, Telangana, India",lat=17.9820644&lon=79.5970954
52,Warangal,MAR,2022,01-03-22,31-03-22,1646073000,1648665000,"Warangal, Telangana, India",lat=17.9820644&lon=79.5970954
53,Warangal,APR,2022,01-04-22,30-04-22,1648751400,1651257000,"Warangal, Telangana, India",lat=17.9820644&lon=79.5970954
54,Warangal,MAY,2022,01-05-22,31-05-22,1651343400,1653935400,"Warangal, Telangana, India",lat=17.9820644&lon=79.5970954
55,Warangal,JUN,2022,01-06-22,30-06-22,1654021800,1656527400,"Warangal, Telangana, India",lat=17.9820644&lon=79.5970954
56,Warangal,JUL,2022,01-07-22,31-07-22,1656613800,1659205800,"Warangal, Telangana, India",lat=17.9820644&lon=79.5970954
57,Warangal,AUG,2022,01-08-22,31-08-22,1659292200,1661884200,"Warangal, Telangana, India",lat=17.9820644&lon=79.5970954
58,Warangal,SEP,2022,01-09-22,30-09-22,1661970600,1664476200,"Warangal, Telangana, India",lat=17.9820644&lon=79.5970954
59,Warangal,OCT,2022,01-10-22,31-10-22,1664562600,1667154600,"Warangal, Telangana, India",lat=17.9820644&lon=79.5970954
60,Warangal,NOV,2022,01-11-22,30-11-22,1667241000,1669746600,"Warangal, Telangana, India",lat=17.9820644&lon=79.5970954
61,Warangal,DEC,2022,01-12-22,31-12-22,1669833000,1672425000,"Warangal, Telangana, India",lat=17.9820644&lon=79.5970954
62,Karimnagar,JAN,2022,01-01-22,31-01-22,1640975400,1643567400,"Karimnagar, Telangana, India",lat=18.4348122&lon=79.1328042
63,Karimnagar,FEB,2022,01-02-22,28-02-22,1643653800,1645986600,"Karimnagar, Telangana, India",lat=18.4348122&lon=79.1328042
64,Karimnagar,MAR,2022,01-03-22,31-03-22,1646073000,1648665000,"Karimnagar, Telangana, India",lat=18.4348122&lon=79.1328042
65,Karimnagar,APR,2022,01-04-22,30-04-22,1648751400,1651257000,"Karimnagar, Telangana, India",lat=18.4348122&lon=79.1328042
66,Karimnagar,MAY,2022,01-05-22,31-05-22,1651343400,1653935400,"Karimnagar, Telangana, India",lat=18.4348122&lon=79.1328042
67,Karimnagar,JUN,2022,01-06-22,30-06-22,1654021800,1656527400,"Karimnagar, Telangana, India",lat=18.4348122&lon=79.1328042
68,Karimnagar,JUL,2022,01-07-22,31-07-22,1656613800,1659205800,"Karimnagar, Telangana, India",lat=18.4348122&lon=79.1328042
69,Karimnagar,AUG,2022,01-08-22,31-08-22,1659292200,1661884200,"Karimnagar, Telangana, India",lat=18.4348122&lon=79.1328042
70,Karimnagar,SEP,2022,01-09-22,30-09-22,1661970600,1664476200,"Karimnagar, Telangana, India",lat=18.4348122&lon=79.1328042
71,Karimnagar,OCT,2022,01-10-22,31-10-22,1664562600,1667154600,"Karimnagar, Telangana, India",lat=18.4348122&lon=79.1328042
72,Karimnagar,NOV,2022,01-11-22,30-11-22,1667241000,1669746600,"Karimnagar, Telangana, India",lat=18.4348122&lon=79.1328042
73,Karimnagar,DEC,2022,01-12-22,31-12-22,1669833000,1672425000,"Karimnagar, Telangana, India",lat=18.4348122&lon=79.1328042
74,Karimnagar,JAN,2022,01-01-22,31-01-22,1640975400,1643567400,"Karimnagar, Telangana, India",lat=18.4348122&lon=79.1328042
75,Karimnagar,FEB,2022,01-02-22,28-02-22,1643653800,1645986600,"Karimnagar, Telangana, India",lat=18.4348122&lon=79.1328042
76,Karimnagar,MAR,2022,01-03-22,31-03-22,1646073000,1648665000,"Karimnagar, Telangana, India",lat=18.4348122&lon=79.1328042
77,Karimnagar,APR,2022,01-04-22,30-04-22,1648751400,1651257000,"Karimnagar, Telangana, India",lat=18.4348122&lon=79.1328042
78,Karimnagar,MAY,2022,01-05-22,31-05-22,1651343400,1653935400,"Karimnagar, Telangana, India",lat=18.4348122&lon=79.1328042
79,Karimnagar,JUN,2022,01-06-22,30-06-22,1654021800,1656527400,"Karimnagar, Telangana, India",lat=18.4348122&lon=79.1328042
80,Karimnagar,JUL,2022,01-07-22,31-07-22,1656613800,1659205800,"Karimnagar, Telangana, India",lat=18.4348122&lon=79.1328042
81,Karimnagar,AUG,2022,01-08-22,31-08-22,1659292200,1661884200,"Karimnagar, Telangana, India",lat=18.4348122&lon=79.1328042
82,Karimnagar,SEP,2022,01-09-22,30-09-22,1661970600,1664476200,"Karimnagar, Telangana, India",lat=18.4348122&lon=79.1328042
83,Karimnagar,OCT,2022,01-10-22,31-10-22,1664562600,1667154600,"Karimnagar, Telangana, India",lat=18.4348122&lon=79.1328042
84,Karimnagar,NOV,2022,01-11-22,30-11-22,1667241000,1669746600,"Karimnagar, Telangana, India",lat=18.4348122&lon=79.1328042
85,Karimnagar,DEC,2022,01-12-22,31-12-22,1669833000,1672425000,"Karimnagar, Telangana, India",lat=18.4348122&lon=79.1328042
86,Khammam,JAN,2022,01-01-22,31-01-22,1640975400,1643567400,"Khammam, Telangana, India",lat=17.5&lon=80.333333
87,Khammam,FEB,2022,01-02-22,28-02-22,1643653800,1645986600,"Khammam, Telangana, India",lat=17.5&lon=80.333333
88,Khammam,MAR,2022,01-03-22,31-03-22,1646073000,1648665000,"Khammam, Telangana, India",lat=17.5&lon=80.333333
89,Khammam,APR,2022,01-04-22,30-04-22,1648751400,1651257000,"Khammam, Telangana, India",lat=17.5&lon=80.333333
90,Khammam,MAY,2022,01-05-22,31-05-22,1651343400,1653935400,"Khammam, Telangana, India",lat=17.5&lon=80.333333
91,Khammam,JUN,2022,01-06-22,30-06-22,1654021800,1656527400,"Khammam, Telangana, India",lat=17.5&lon=80.333333
92,Khammam,JUL,2022,01-07-22,31-07-22,1656613800,1659205800,"Khammam, Telangana, India",lat=17.5&lon=80.333333
93,Khammam,AUG,2022,01-08-22,31-08-22,1659292200,1661884200,"Khammam, Telangana, India",lat=17.5&lon=80.333333
94,Khammam,SEP,2022,01-09-22,30-09-22,1661970600,1664476200,"Khammam, Telangana, India",lat=17.5&lon=80.333333
95,Khammam,OCT,2022,01-10-22,31-10-22,1664562600,1667154600,"Khammam, Telangana, India",lat=17.5&lon=80.333333
96,Khammam,NOV,2022,01-11-22,30-11-22,1667241000,1669746600,"Khammam, Telangana, India",lat=17.5&lon=80.333333
97,Khammam,DEC,2022,01-12-22,31-12-22,1669833000,1672425000,"Khammam, Telangana, India",lat=17.5&lon=80.333333
98,Adilabad,JAN,2021,01-01-21,31-01-21,1609439400,1612031400,"Adilabad, Telangana, India",lat=19.5&lon=78.5
99,Adilabad,FEB,2021,01-02-21,28-02-21,1612117800,1614450600,"Adilabad, Telangana, India",lat=19.5&lon=78.5
100,Adilabad,MAR,2021,01-03-21,31-03-21,1614537000,1617129000,"Adilabad, Telangana, India",lat=19.5&lon=78.5
101,Adilabad,APR,2021,01-04-21,30-04-21,1617215400,1619721000,"Adilabad, Telangana, India",lat=19.5&lon=78.5
102,Adilabad,MAY,2021,01-05-21,31-05-21,1619807400,1622399400,"Adilabad, Telangana, India",lat=19.5&lon=78.5
103,Adilabad,JUN,2021,01-06-21,30-06-21,1622485800,1624991400,"Adilabad, Telangana, India",lat=19.5&lon=78.5
104,Adilabad,JUL,2021,01-07-21,31-07-21,1625077800,1627669800,"Adilabad, Telangana, India",lat=19.5&lon=78.5
105,Adilabad,AUG,2021,01-08-21,31-08-21,1627756200,1630348200,"Adilabad, Telangana, India",lat=19.5&lon=78.5
106,Adilabad,SEP,2021,01-09-21,30-09-21,1630434600,1632940200,"Adilabad, Telangana, India",lat=19.5&lon=78.5
107,Adilabad,OCT,2021,01-10-21,31-10-21,1633026600,1635618600,"Adilabad, Telangana, India",lat=19.5&lon=78.5
108,Adilabad,NOV,2021,01-11-21,30-11-21,1635705000,1638210600,"Adilabad, Telangana, India",lat=19.5&lon=78.5
109,Adilabad,DEC,2021,01-12-21,31-12-21,1638297000,1640889000,"Adilabad, Telangana, India",lat=19.5&lon=78.5
110,Nizamabad,JAN,2021,01-01-21,31-01-21,1609439400,1612031400,"Nizamabad, Telangana, India",lat=18.75&lon=78.25
111,Nizamabad,FEB,2021,01-02-21,28-02-21,1612117800,1614450600,"Nizamabad, Telangana, India",lat=18.75&lon=78.25
112,Nizamabad,MAR,2021,01-03-21,31-03-21,1614537000,1617129000,"Nizamabad, Telangana, India",lat=18.75&lon=78.25
113,Nizamabad,APR,2021,01-04-21,30-04-21,1617215400,1619721000,"Nizamabad, Telangana, India",lat=18.75&lon=78.25
114,Nizamabad,MAY,2021,01-05-21,31-05-21,1619807400,1622399400,"Nizamabad, Telangana, India",lat=18.75&lon=78.25
115,Nizamabad,JUN,2021,01-06-21,30-06-21,1622485800,1624991400,"Nizamabad, Telangana, India",lat=18.75&lon=78.25
116,Nizamabad,JUL,2021,01-07-21,31-07-21,1625077800,1627669800,"Nizamabad, Telangana, India",lat=18.75&lon=78.25
117,Nizamabad,AUG,2021,01-08-21,31-08-21,1627756200,1630348200,"Nizamabad, Telangana, India",lat=18.75&lon=78.25
118,Nizamabad,SEP,2021,01-09-21,30-09-21,1630434600,1632940200,"Nizamabad, Telangana, India",lat=18.75&lon=78.25
119,Nizamabad,OCT,2021,01-10-21,31-10-21,1633026600,1635618600,"Nizamabad, Telangana, India",lat=18.75&lon=78.25
120,Nizamabad,NOV,2021,01-11-21,30-11-21,1635705000,1638210600,"Nizamabad, Telangana, India",lat=18.75&lon=78.25
121,Nizamabad,DEC,2021,01-12-21,31-12-21,1638297000,1640889000,"Nizamabad, Telangana, India",lat=18.75&lon=78.25
122,Warangal,JAN,2021,01-01-21,31-01-21,1609439400,1612031400,"Warangal, Telangana, India",lat=17.9820644&lon=79.5970954
123,Warangal,FEB,2021,01-02-21,28-02-21,1612117800,1614450600,"Warangal, Telangana, India",lat=17.9820644&lon=79.5970954
124,Warangal,MAR,2021,01-03-21,31-03-21,1614537000,1617129000,"Warangal, Telangana, India",lat=17.9820644&lon=79.5970954
125,Warangal,APR,2021,01-04-21,30-04-21,1617215400,1619721000,"Warangal, Telangana, India",lat=17.9820644&lon=79.5970954
126,Warangal,MAY,2021,01-05-21,31-05-21,1619807400,1622399400,"Warangal, Telangana, India",lat=17.9820644&lon=79.5970954
127,Warangal,JUN,2021,01-06-21,30-06-21,1622485800,1624991400,"Warangal, Telangana, India",lat=17.9820644&lon=79.5970954
128,Warangal,JUL,2021,01-07-21,31-07-21,1625077800,1627669800,"Warangal, Telangana, India",lat=17.9820644&lon=79.5970954
129,Warangal,AUG,2021,01-08-21,31-08-21,1627756200,1630348200,"Warangal, Telangana, India",lat=17.9820644&lon=79.5970954
130,Warangal,SEP,2021,01-09-21,30-09-21,1630434600,1632940200,"Warangal, Telangana, India",lat=17.9820644&lon=79.5970954
131,Warangal,OCT,2021,01-10-21,31-10-21,1633026600,1635618600,"Warangal, Telangana, India",lat=17.9820644&lon=79.5970954
132,Warangal,NOV,2021,01-11-21,30-11-21,1635705000,1638210600,"Warangal, Telangana, India",lat=17.9820644&lon=79.5970954
133,Warangal,DEC,2021,01-12-21,31-12-21,1638297000,1640889000,"Warangal, Telangana, India",lat=17.9820644&lon=79.5970954
134,Warangal,JAN,2021,01-01-21,31-01-21,1609439400,1612031400,"Warangal, Telangana, India",lat=17.9820644&lon=79.5970954
135,Warangal,FEB,2021,01-02-21,28-02-21,1612117800,1614450600,"Warangal, Telangana, India",lat=17.9820644&lon=79.5970954
136,Warangal,MAR,2021,01-03-21,31-03-21,1614537000,1617129000,"Warangal, Telangana, India",lat=17.9820644&lon=79.5970954
137,Warangal,APR,2021,01-04-21,30-04-21,1617215400,1619721000,"Warangal, Telangana, India",lat=17.9820644&lon=79.5970954
138,Warangal,MAY,2021,01-05-21,31-05-21,1619807400,1622399400,"Warangal, Telangana, India",lat=17.9820644&lon=79.5970954
139,Warangal,JUN,2021,01-06-21,30-06-21,1622485800,1624991400,"Warangal, Telangana, India",lat=17.9820644&lon=79.5970954
140,Warangal,JUL,2021,01-07-21,31-07-21,1625077800,1627669800,"Warangal, Telangana, India",lat=17.9820644&lon=79.5970954
141,Warangal,AUG,2021,01-08-21,31-08-21,1627756200,1630348200,"Warangal, Telangana, India",lat=17.9820644&lon=79.5970954
142,Warangal,SEP,2021,01-09-21,30-09-21,1630434600,1632940200,"Warangal, Telangana, India",lat=17.9820644&lon=79.5970954
143,Warangal,OCT,2021,01-10-21,31-10-21,1633026600,1635618600,"Warangal, Telangana, India",lat=17.9820644&lon=79.5970954
144,Warangal,NOV,2021,01-11-21,30-11-21,1635705000,1638210600,"Warangal, Telangana, India",lat=17.9820644&lon=79.5970954
145,Warangal,DEC,2021,01-12-21,31-12-21,1638297000,1640889000,"Warangal, Telangana, India",lat=17.9820644&lon=79.5970954
146,Karimnagar,JAN,2021,01-01-21,31-01-21,1609439400,1612031400,"Karimnagar, Telangana, India",lat=18.4348122&lon=79.1328042
147,Karimnagar,FEB,2021,01-02-21,28-02-21,1612117800,1614450600,"Karimnagar, Telangana, India",lat=18.4348122&lon=79.1328042
148,Karimnagar,MAR,2021,01-03-21,31-03-21,1614537000,1617129000,"Karimnagar, Telangana, India",lat=18.4348122&lon=79.1328042
149,Karimnagar,APR,2021,01-04-21,30-04-21,1617215400,1619721000,"Karimnagar, Telangana, India",lat=18.4348122&lon=79.1328042
150,Karimnagar,MAY,2021,01-05-21,31-05-21,1619807400,1622399400,"Karimnagar, Telangana, India",lat=18.4348122&lon=79.1328042
151,Karimnagar,JUN,2021,01-06-21,30-06-21,1622485800,1624991400,"Karimnagar, Telangana, India",lat=18.4348122&lon=79.1328042
152,Karimnagar,JUL,2021,01-07-21,31-07-21,1625077800,1627669800,"Karimnagar, Telangana, India",lat=18.4348122&lon=79.1328042
153,Karimnagar,AUG,2021,01-08-21,31-08-21,1627756200,1630348200,"Karimnagar, Telangana, India",lat=18.4348122&lon=79.1328042
154,Karimnagar,SEP,2021,01-09-21,30-09-21,1630434600,1632940200,"Karimnagar, Telangana, India",lat=18.4348122&lon=79.1328042
155,Karimnagar,OCT,2021,01-10-21,31-10-21,1633026600,1635618600,"Karimnagar, Telangana, India",lat=18.4348122&lon=79.1328042
156,Karimnagar,NOV,2021,01-11-21,30-11-21,1635705000,1638210600,"Karimnagar, Telangana, India",lat=18.4348122&lon=79.1328042
157,Karimnagar,DEC,2021,01-12-21,31-12-21,1638297000,1640889000,"Karimnagar, Telangana, India",lat=18.4348122&lon=79.1328042
158,Karimnagar,JAN,2021,01-01-21,31-01-21,1609439400,1612031400,"Karimnagar, Telangana, India",lat=18.4348122&lon=79.1328042
159,Karimnagar,FEB,2021,01-02-21,28-02-21,1612117800,1614450600,"Karimnagar, Telangana, India",lat=18.4348122&lon=79.1328042
160,Karimnagar,MAR,2021,01-03-21,31-03-21,1614537000,1617129000,"Karimnagar, Telangana, India",lat=18.4348122&lon=79.1328042
161,Karimnagar,APR,2021,01-04-21,30-04-21,1617215400,1619721000,"Karimnagar, Telangana, India",lat=18.4348122&lon=79.1328042
162,Karimnagar,MAY,2021,01-05-21,31-05-21,1619807400,1622399400,"Karimnagar, Telangana, India",lat=18.4348122&lon=79.1328042
163,Karimnagar,JUN,2021,01-06-21,30-06-21,1622485800,1624991400,"Karimnagar, Telangana, India",lat=18.4348122&lon=79.1328042
164,Karimnagar,JUL,2021,01-07-21,31-07-21,1625077800,1627669800,"Karimnagar, Telangana, India",lat=18.4348122&lon=79.1328042
165,Karimnagar,AUG,2021,01-08-21,31-08-21,1627756200,1630348200,"Karimnagar, Telangana, India",lat=18.4348122&lon=79.1328042
166,Karimnagar,SEP,2021,01-09-21,30-09-21,1630434600,1632940200,"Karimnagar, Telangana, India",lat=18.4348122&lon=79.1328042
167,Karimnagar,OCT,2021,01-10-21,31-10-21,1633026600,1635618600,"Karimnagar, Telangana, India",lat=18.4348122&lon=79.1328042
168,Karimnagar,NOV,2021,01-11-21,30-11-21,1635705000,1638210600,"Karimnagar, Telangana, India",lat=18.4348122&lon=79.1328042
169,Karimnagar,DEC,2021,01-12-21,31-12-21,1638297000,1640889000,"Karimnagar, Telangana, India",lat=18.4348122&lon=79.1328042
170,Khammam,JAN,2021,01-01-21,31-01-21,1609439400,1612031400,"Khammam, Telangana, India",lat=17.5&lon=80.333333
171,Khammam,FEB,2021,01-02-21,28-02-21,1612117800,1614450600,"Khammam, Telangana, India",lat=17.5&lon=80.333333
172,Khammam,MAR,2021,01-03-21,31-03-21,1614537000,1617129000,"Khammam, Telangana, India",lat=17.5&lon=80.333333
173,Khammam,APR,2021,01-04-21,30-04-21,1617215400,1619721000,"Khammam, Telangana, India",lat=17.5&lon=80.333333
174,Khammam,MAY,2021,01-05-21,31-05-21,1619807400,1622399400,"Khammam, Telangana, India",lat=17.5&lon=80.333333
175,Khammam,JUN,2021,01-06-21,30-06-21,1622485800,1624991400,"Khammam, Telangana, India",lat=17.5&lon=80.333333
176,Khammam,JUL,2021,01-07-21,31-07-21,1625077800,1627669800,"Khammam, Telangana, India",lat=17.5&lon=80.333333
177,Khammam,AUG,2021,01-08-21,31-08-21,1627756200,1630348200,"Khammam, Telangana, India",lat=17.5&lon=80.333333
178,Khammam,SEP,2021,01-09-21,30-09-21,1630434600,1632940200,"Khammam, Telangana, India",lat=17.5&lon=80.333333
179,Khammam,OCT,2021,01-10-21,31-10-21,1633026600,1635618600,"Khammam, Telangana, India",lat=17.5&lon=80.333333
180,Khammam,NOV,2021,01-11-21,30-11-21,1635705000,1638210600,"Khammam, Telangana, India",lat=17.5&lon=80.333333
181,Khammam,DEC,2021,01-12-21,31-12-21,1638297000,1640889000,"Khammam, Telangana, India",lat=17.5&lon=80.333333
182,Adilabad,JAN,2020,01-01-20,31-01-20,1577817000,1580409000,"Adilabad, Telangana, India",lat=19.5&lon=78.5
183,Adilabad,FEB,2020,01-02-20,29-02-20,1580495400,1582914600,"Adilabad, Telangana, India",lat=19.5&lon=78.5
184,Adilabad,MAR,2020,01-03-20,31-03-20,1583001000,1585593000,"Adilabad, Telangana, India",lat=19.5&lon=78.5
185,Adilabad,APR,2020,01-04-20,30-04-20,1585679400,1588185000,"Adilabad, Telangana, India",lat=19.5&lon=78.5
186,Adilabad,MAY,2020,01-05-20,31-05-20,1588271400,1590863400,"Adilabad, Telangana, India",lat=19.5&lon=78.5
187,Adilabad,JUN,2020,01-06-20,30-06-20,1590949800,1593455400,"Adilabad, Telangana, India",lat=19.5&lon=78.5
188,Adilabad,JUL,2020,01-07-20,31-07-20,1593541800,1596133800,"Adilabad, Telangana, India",lat=19.5&lon=78.5
189,Adilabad,AUG,2020,01-08-20,31-08-20,1596220200,1598812200,"Adilabad, Telangana, India",lat=19.5&lon=78.5
190,Adilabad,SEP,2020,01-09-20,30-09-20,1598898600,1601404200,"Adilabad, Telangana, India",lat=19.5&lon=78.5
191,Adilabad,OCT,2020,01-10-20,31-10-20,1601490600,1604082600,"Adilabad, Telangana, India",lat=19.5&lon=78.5
192,Adilabad,NOV,2020,01-11-20,30-11-20,1604169000,1606674600,"Adilabad, Telangana, India",lat=19.5&lon=78.5
193,Adilabad,DEC,2020,01-12-20,31-12-20,1606761000,1609353000,"Adilabad, Telangana, India",lat=19.5&lon=78.5
194,Nizamabad,JAN,2020,01-01-20,31-01-20,1577817000,1580409000,"Nizamabad, Telangana, India",lat=18.75&lon=78.25
195,Nizamabad,FEB,2020,01-02-20,29-02-20,1580495400,1582914600,"Nizamabad, Telangana, India",lat=18.75&lon=78.25
196,Nizamabad,MAR,2020,01-03-20,31-03-20,1583001000,1585593000,"Nizamabad, Telangana, India",lat=18.75&lon=78.25
197,Nizamabad,APR,2020,01-04-20,30-04-20,1585679400,1588185000,"Nizamabad, Telangana, India",lat=18.75&lon=78.25
198,Nizamabad,MAY,2020,01-05-20,31-05-20,1588271400,1590863400,"Nizamabad, Telangana, India",lat=18.75&lon=78.25
199,Nizamabad,JUN,2020,01-06-20,30-06-20,1590949800,1593455400,"Nizamabad, Telangana, India",lat=18.75&lon=78.25
200,Nizamabad,JUL,2020,01-07-20,31-07-20,1593541800,1596133800,"Nizamabad, Telangana, India",lat=18.75&lon=78.25
201,Nizamabad,AUG,2020,01-08-20,31-08-20,1596220200,1598812200,"Nizamabad, Telangana, India",lat=18.75&lon=78.25
202,Nizamabad,SEP,2020,01-09-20,30-09-20,1598898600,1601404200,"Nizamabad, Telangana, India",lat=18.75&lon=78.25
203,Nizamabad,OCT,2020,01-10-20,31-10-20,1601490600,1604082600,"Nizamabad, Telangana, India",lat=18.75&lon=78.25
204,Nizamabad,NOV,2020,01-11-20,30-11-20,1604169000,1606674600,"Nizamabad, Telangana, India",lat=18.75&lon=78.25
205,Nizamabad,DEC,2020,01-12-20,31-12-20,1606761000,1609353000,"Nizamabad, Telangana, India",lat=18.75&lon=78.25
206,Warangal,JAN,2020,01-01-20,31-01-20,1577817000,1580409000,"Warangal, Telangana, India",lat=17.9820644&lon=79.5970954
207,Warangal,FEB,2020,01-02-20,29-02-20,1580495400,1582914600,"Warangal, Telangana, India",lat=17.9820644&lon=79.5970954
208,Warangal,MAR,2020,01-03-20,31-03-20,1583001000,1585593000,"Warangal, Telangana, India",lat=17.9820644&lon=79.5970954
209,Warangal,APR,2020,01-04-20,30-04-20,1585679400,1588185000,"Warangal, Telangana, India",lat=17.9820644&lon=79.5970954
210,Warangal,MAY,2020,01-05-20,31-05-20,1588271400,1590863400,"Warangal, Telangana, India",lat=17.9820644&lon=79.5970954
211,Warangal,JUN,2020,01-06-20,30-06-20,1590949800,1593455400,"Warangal, Telangana, India",lat=17.9820644&lon=79.5970954
212,Warangal,JUL,2020,01-07-20,31-07-20,1593541800,1596133800,"Warangal, Telangana, India",lat=17.9820644&lon=79.5970954
213,Warangal,AUG,2020,01-08-20,31-08-20,1596220200,1598812200,"Warangal, Telangana, India",lat=17.9820644&lon=79.5970954
214,Warangal,SEP,2020,01-09-20,30-09-20,1598898600,1601404200,"Warangal, Telangana, India",lat=17.9820644&lon=79.5970954
215,Warangal,OCT,2020,01-10-20,31-10-20,1601490600,1604082600,"Warangal, Telangana, India",lat=17.9820644&lon=79.5970954
216,Warangal,NOV,2020,01-11-20,30-11-20,1604169000,1606674600,"Warangal, Telangana, India",lat=17.9820644&lon=79.5970954
217,Warangal,DEC,2020,01-12-20,31-12-20,1606761000,1609353000,"Warangal, Telangana, India",lat=17.9820644&lon=79.5970954
218,Warangal,JAN,2020,01-01-20,31-01-20,1577817000,1580409000,"Warangal, Telangana, India",lat=17.9820644&lon=79.5970954
219,Warangal,FEB,2020,01-02-20,29-02-20,1580495400,1582914600,"Warangal, Telangana, India",lat=17.9820644&lon=79.5970954
220,Warangal,MAR,2020,01-03-20,31-03-20,1583001000,1585593000,"Warangal, Telangana, India",lat=17.9820644&lon=79.5970954
221,Warangal,APR,2020,01-04-20,30-04-20,1585679400,1588185000,"Warangal, Telangana, India",lat=17.9820644&lon=79.5970954
222,Warangal,MAY,2020,01-05-20,31-05-20,1588271400,1590863400,"Warangal, Telangana, India",lat=17.9820644&lon=79.5970954
223,Warangal,JUN,2020,01-06-20,30-06-20,1590949800,1593455400,"Warangal, Telangana, India",lat=17.9820644&lon=79.5970954
224,Warangal,JUL,2020,01-07-20,31-07-20,1593541800,1596133800,"Warangal, Telangana, India",lat=17.9820644&lon=79.5970954
225,Warangal,AUG,2020,01-08-20,31-08-20,1596220200,1598812200,"Warangal, Telangana, India",lat=17.9820644&lon=79.5970954
226,Warangal,SEP,2020,01-09-20,30-09-20,1598898600,1601404200,"Warangal, Telangana, India",lat=17.9820644&lon=79.5970954
227,Warangal,OCT,2020,01-10-20,31-10-20,1601490600,1604082600,"Warangal, Telangana, India",lat=17.9820644&lon=79.5970954
228,Warangal,NOV,2020,01-11-20,30-11-20,1604169000,1606674600,"Warangal, Telangana, India",lat=17.9820644&lon=79.5970954
229,Warangal,DEC,2020,01-12-20,31-12-20,1606761000,1609353000,"Warangal, Telangana, India",lat=17.9820644&lon=79.5970954
230,Karimnagar,JAN,2020,01-01-20,31-01-20,1577817000,1580409000,"Karimnagar, Telangana, India",lat=18.4348122&lon=79.1328042
231,Karimnagar,FEB,2020,01-02-20,29-02-20,1580495400,1582914600,"Karimnagar, Telangana, India",lat=18.4348122&lon=79.1328042
232,Karimnagar,MAR,2020,01-03-20,31-03-20,1583001000,1585593000,"Karimnagar, Telangana, India",lat=18.4348122&lon=79.1328042
233,Karimnagar,APR,2020,01-04-20,30-04-20,1585679400,1588185000,"Karimnagar, Telangana, India",lat=18.4348122&lon=79.1328042
234,Karimnagar,MAY,2020,01-05-20,31-05-20,1588271400,1590863400,"Karimnagar, Telangana, India",lat=18.4348122&lon=79.1328042
235,Karimnagar,JUN,2020,01-06-20,30-06-20,1590949800,1593455400,"Karimnagar, Telangana, India",lat=18.4348122&lon=79.1328042
236,Karimnagar,JUL,2020,01-07-20,31-07-20,1593541800,1596133800,"Karimnagar, Telangana, India",lat=18.4348122&lon=79.1328042
237,Karimnagar,AUG,2020,01-08-20,31-08-20,1596220200,1598812200,"Karimnagar, Telangana, India",lat=18.4348122&lon=79.1328042
238,Karimnagar,SEP,2020,01-09-20,30-09-20,1598898600,1601404200,"Karimnagar, Telangana, India",lat=18.4348122&lon=79.1328042
239,Karimnagar,OCT,2020,01-10-20,31-10-20,1601490600,1604082600,"Karimnagar, Telangana, India",lat=18.4348122&lon=79.1328042
240,Karimnagar,NOV,2020,01-11-20,30-11-20,1604169000,1606674600,"Karimnagar, Telangana, India",lat=18.4348122&lon=79.1328042
241,Karimnagar,DEC,2020,01-12-20,31-12-20,1606761000,1609353000,"Karimnagar, Telangana, India",lat=18.4348122&lon=79.1328042
242,Karimnagar,JAN,2020,01-01-20,31-01-20,1577817000,1580409000,"Karimnagar, Telangana, India",lat=18.4348122&lon=79.1328042
243,Karimnagar,FEB,2020,01-02-20,29-02-20,1580495400,1582914600,"Karimnagar, Telangana, India",lat=18.4348122&lon=79.1328042
244,Karimnagar,MAR,2020,01-03-20,31-03-20,1583001000,1585593000,"Karimnagar, Telangana, India",lat=18.4348122&lon=79.1328042
245,Karimnagar,APR,2020,01-04-20,30-04-20,1585679400,1588185000,"Karimnagar, Telangana, India",lat=18.4348122&lon=79.1328042
246,Karimnagar,MAY,2020,01-05-20,31-05-20,1588271400,1590863400,"Karimnagar, Telangana, India",lat=18.4348122&lon=79.1328042
247,Karimnagar,JUN,2020,01-06-20,30-06-20,1590949800,1593455400,"Karimnagar, Telangana, India",lat=18.4348122&lon=79.1328042
248,Karimnagar,JUL,2020,01-07-20,31-07-20,1593541800,1596133800,"Karimnagar, Telangana, India",lat=18.4348122&lon=79.1328042
249,Karimnagar,AUG,2020,01-08-20,31-08-20,1596220200,1598812200,"Karimnagar, Telangana, India",lat=18.4348122&lon=79.1328042
250,Karimnagar,SEP,2020,01-09-20,30-09-20,1598898600,1601404200,"Karimnagar, Telangana, India",lat=18.4348122&lon=79.1328042
251,Karimnagar,OCT,2020,01-10-20,31-10-20,1601490600,1604082600,"Karimnagar, Telangana, India",lat=18.4348122&lon=79.1328042
252,Karimnagar,NOV,2020,01-11-20,30-11-20,1604169000,1606674600,"Karimnagar, Telangana, India",lat=18.4348122&lon=79.1328042
253,Karimnagar,DEC,2020,01-12-20,31-12-20,1606761000,1609353000,"Karimnagar, Telangana, India",lat=18.4348122&lon=79.1328042
254,Khammam,JAN,2020,01-01-20,31-01-20,1577817000,1580409000,"Khammam, Telangana, India",lat=17.5&lon=80.333333
255,Khammam,FEB,2020,01-02-20,29-02-20,1580495400,1582914600,"Khammam, Telangana, India",lat=17.5&lon=80.333333
256,Khammam,MAR,2020,01-03-20,31-03-20,1583001000,1585593000,"Khammam, Telangana, India",lat=17.5&lon=80.333333
257,Khammam,APR,2020,01-04-20,30-04-20,1585679400,1588185000,"Khammam, Telangana, India",lat=17.5&lon=80.333333
258,Khammam,MAY,2020,01-05-20,31-05-20,1588271400,1590863400,"Khammam, Telangana, India",lat=17.5&lon=80.333333
259,Khammam,JUN,2020,01-06-20,30-06-20,1590949800,1593455400,"Khammam, Telangana, India",lat=17.5&lon=80.333333
260,Khammam,JUL,2020,01-07-20,31-07-20,1593541800,1596133800,"Khammam, Telangana, India",lat=17.5&lon=80.333333
261,Khammam,AUG,2020,01-08-20,31-08-20,1596220200,1598812200,"Khammam, Telangana, India",lat=17.5&lon=80.333333
262,Khammam,SEP,2020,01-09-20,30-09-20,1598898600,1601404200,"Khammam, Telangana, India",lat=17.5&lon=80.333333
263,Khammam,OCT,2020,01-10-20,31-10-20,1601490600,1604082600,"Khammam, Telangana, India",lat=17.5&lon=80.333333
264,Khammam,NOV,2020,01-11-20,30-11-20,1604169000,1606674600,"Khammam, Telangana, India",lat=17.5&lon=80.333333
265,Khammam,DEC,2020,01-12-20,31-12-20,1606761000,1609353000,"Khammam, Telangana, India",lat=17.5&lon=80.333333
266,Adilabad,JAN,2019,01-01-19,31-01-19,1546281000,1548873000,"Adilabad, Telangana, India",lat=19.5&lon=78.5
267,Adilabad,FEB,2019,01-02-19,28-02-19,1548959400,1551292200,"Adilabad, Telangana, India",lat=19.5&lon=78.5
268,Adilabad,MAR,2019,01-03-19,31-03-19,1551378600,1553970600,"Adilabad, Telangana, India",lat=19.5&lon=78.5
269,Adilabad,APR,2019,01-04-19,30-04-19,1554057000,1556562600,"Adilabad, Telangana, India",lat=19.5&lon=78.5
270,Adilabad,MAY,2019,01-05-19,31-05-19,1556649000,1559241000,"Adilabad, Telangana, India",lat=19.5&lon=78.5
271,Adilabad,JUN,2019,01-06-19,30-06-19,1559327400,1561833000,"Adilabad, Telangana, India",lat=19.5&lon=78.5
272,Adilabad,JUL,2019,01-07-19,31-07-19,1561919400,1564511400,"Adilabad, Telangana, India",lat=19.5&lon=78.5
273,Adilabad,AUG,2019,01-08-19,31-08-19,1564597800,1567189800,"Adilabad, Telangana, India",lat=19.5&lon=78.5
274,Adilabad,SEP,2019,01-09-19,30-09-19,1567276200,1569781800,"Adilabad, Telangana, India",lat=19.5&lon=78.5
275,Adilabad,OCT,2019,01-10-19,31-10-19,1569868200,1572460200,"Adilabad, Telangana, India",lat=19.5&lon=78.5
276,Adilabad,NOV,2019,01-11-19,30-11-19,1572546600,1575052200,"Adilabad, Telangana, India",lat=19.5&lon=78.5
277,Adilabad,DEC,2019,01-12-19,31-12-19,1575138600,1577730600,"Adilabad, Telangana, India",lat=19.5&lon=78.5
278,Nizamabad,JAN,2019,01-01-19,31-01-19,1546281000,1548873000,"Nizamabad, Telangana, India",lat=18.75&lon=78.25
279,Nizamabad,FEB,2019,01-02-19,28-02-19,1548959400,1551292200,"Nizamabad, Telangana, India",lat=18.75&lon=78.25
280,Nizamabad,MAR,2019,01-03-19,31-03-19,1551378600,1553970600,"Nizamabad, Telangana, India",lat=18.75&lon=78.25
281,Nizamabad,APR,2019,01-04-19,30-04-19,1554057000,1556562600,"Nizamabad, Telangana, India",lat=18.75&lon=78.25
282,Nizamabad,MAY,2019,01-05-19,31-05-19,1556649000,1559241000,"Nizamabad, Telangana, India",lat=18.75&lon=78.25
283,Nizamabad,JUN,2019,01-06-19,30-06-19,1559327400,1561833000,"Nizamabad, Telangana, India",lat=18.75&lon=78.25
284,Nizamabad,JUL,2019,01-07-19,31-07-19,1561919400,1564511400,"Nizamabad, Telangana, India",lat=18.75&lon=78.25
285,Nizamabad,AUG,2019,01-08-19,31-08-19,1564597800,1567189800,"Nizamabad, Telangana, India",lat=18.75&lon=78.25
286,Nizamabad,SEP,2019,01-09-19,30-09-19,1567276200,1569781800,"Nizamabad, Telangana, India",lat=18.75&lon=78.25
287,Nizamabad,OCT,2019,01-10-19,31-10-19,1569868200,1572460200,"Nizamabad, Telangana, India",lat=18.75&lon=78.25
288,Nizamabad,NOV,2019,01-11-19,30-11-19,1572546600,1575052200,"Nizamabad, Telangana, India",lat=18.75&lon=78.25
289,Nizamabad,DEC,2019,01-12-19,31-12-19,1575138600,1577730600,"Nizamabad, Telangana, India",lat=18.75&lon=78.25
290,Warangal,JAN,2019,01-01-19,31-01-19,1546281000,1548873000,"Warangal, Telangana, India",lat=17.9820644&lon=79.5970954
291,Warangal,FEB,2019,01-02-19,28-02-19,1548959400,1551292200,"Warangal, Telangana, India",lat=17.9820644&lon=79.5970954
292,Warangal,MAR,2019,01-03-19,31-03-19,1551378600,1553970600,"Warangal, Telangana, India",lat=17.9820644&lon=79.5970954
293,Warangal,APR,2019,01-04-19,30-04-19,1554057000,1556562600,"Warangal, Telangana, India",lat=17.9820644&lon=79.5970954
294,Warangal,MAY,2019,01-05-19,31-05-19,1556649000,1559241000,"Warangal, Telangana, India",lat=17.9820644&lon=79.5970954
295,Warangal,JUN,2019,01-06-19,30-06-19,1559327400,1561833000,"Warangal, Telangana, India",lat=17.9820644&lon=79.5970954
296,Warangal,JUL,2019,01-07-19,31-07-19,1561919400,1564511400,"Warangal, Telangana, India",lat=17.9820644&lon=79.5970954
297,Warangal,AUG,2019,01-08-19,31-08-19,1564597800,1567189800,"Warangal, Telangana, India",lat=17.9820644&lon=79.5970954
298,Warangal,SEP,2019,01-09-19,30-09-19,1567276200,1569781800,"Warangal, Telangana, India",lat=17.9820644&lon=79.5970954
299,Warangal,OCT,2019,01-10-19,31-10-19,1569868200,1572460200,"Warangal, Telangana, India",lat=17.9820644&lon=79.5970954
300,Warangal,NOV,2019,01-11-19,30-11-19,1572546600,1575052200,"Warangal, Telangana, India",lat=17.9820644&lon=79.5970954
301,Warangal,DEC,2019,01-12-19,31-12-19,1575138600,1577730600,"Warangal, Telangana, India",lat=17.9820644&lon=79.5970954
302,Warangal,JAN,2019,01-01-19,31-01-19,1546281000,1548873000,"Warangal, Telangana, India",lat=17.9820644&lon=79.5970954
303,Warangal,FEB,2019,01-02-19,28-02-19,1548959400,1551292200,"Warangal, Telangana, India",lat=17.9820644&lon=79.5970954
304,Warangal,MAR,2019,01-03-19,31-03-19,1551378600,1553970600,"Warangal, Telangana, India",lat=17.9820644&lon=79.5970954
305,Warangal,APR,2019,01-04-19,30-04-19,1554057000,1556562600,"Warangal, Telangana, India",lat=17.9820644&lon=79.5970954
306,Warangal,MAY,2019,01-05-19,31-05-19,1556649000,1559241000,"Warangal, Telangana, India",lat=17.9820644&lon=79.5970954
307,Warangal,JUN,2019,01-06-19,30-06-19,1559327400,1561833000,"Warangal, Telangana, India",lat=17.9820644&lon=79.5970954
308,Warangal,JUL,2019,01-07-19,31-07-19,1561919400,1564511400,"Warangal, Telangana, India",lat=17.9820644&lon=79.5970954
309,Warangal,AUG,2019,01-08-19,31-08-19,1564597800,1567189800,"Warangal, Telangana, India",lat=17.9820644&lon=79.5970954
310,Warangal,SEP,2019,01-09-19,30-09-19,1567276200,1569781800,"Warangal, Telangana, India",lat=17.9820644&lon=79.5970954
311,Warangal,OCT,2019,01-10-19,31-10-19,1569868200,1572460200,"Warangal, Telangana, India",lat=17.9820644&lon=79.5970954
312,Warangal,NOV,2019,01-11-19,30-11-19,1572546600,1575052200,"Warangal, Telangana, India",lat=17.9820644&lon=79.5970954
313,Warangal,DEC,2019,01-12-19,31-12-19,1575138600,1577730600,"Warangal, Telangana, India",lat=17.9820644&lon=79.5970954
314,Karimnagar,JAN,2019,01-01-19,31-01-19,1546281000,1548873000,"Karimnagar, Telangana, India",lat=18.4348122&lon=79.1328042
315,Karimnagar,FEB,2019,01-02-19,28-02-19,1548959400,1551292200,"Karimnagar, Telangana, India",lat=18.4348122&lon=79.1328042
316,Karimnagar,MAR,2019,01-03-19,31-03-19,1551378600,1553970600,"Karimnagar, Telangana, India",lat=18.4348122&lon=79.1328042
317,Karimnagar,APR,2019,01-04-19,30-04-19,1554057000,1556562600,"Karimnagar, Telangana, India",lat=18.4348122&lon=79.1328042
318,Karimnagar,MAY,2019,01-05-19,31-05-19,1556649000,1559241000,"Karimnagar, Telangana, India",lat=18.4348122&lon=79.1328042
319,Karimnagar,JUN,2019,01-06-19,30-06-19,1559327400,1561833000,"Karimnagar, Telangana, India",lat=18.4348122&lon=79.1328042
320,Karimnagar,JUL,2019,01-07-19,31-07-19,1561919400,1564511400,"Karimnagar, Telangana, India",lat=18.4348122&lon=79.1328042
321,Karimnagar,AUG,2019,01-08-19,31-08-19,1564597800,1567189800,"Karimnagar, Telangana, India",lat=18.4348122&lon=79.1328042
322,Karimnagar,SEP,2019,01-09-19,30-09-19,1567276200,1569781800,"Karimnagar, Telangana, India",lat=18.4348122&lon=79.1328042
323,Karimnagar,OCT,2019,01-10-19,31-10-19,1569868200,1572460200,"Karimnagar, Telangana, India",lat=18.4348122&lon=79.1328042
324,Karimnagar,NOV,2019,01-11-19,30-11-19,1572546600,1575052200,"Karimnagar, Telangana, India",lat=18.4348122&lon=79.1328042
325,Karimnagar,DEC,2019,01-12-19,31-12-19,1575138600,1577730600,"Karimnagar, Telangana, India",lat=18.4348122&lon=79.1328042
326,Karimnagar,JAN,2019,01-01-19,31-01-19,1546281000,1548873000,"Karimnagar, Telangana, India",lat=18.4348122&lon=79.1328042
327,Karimnagar,FEB,2019,01-02-19,28-02-19,1548959400,1551292200,"Karimnagar, Telangana, India",lat=18.4348122&lon=79.1328042
328,Karimnagar,MAR,2019,01-03-19,31-03-19,1551378600,1553970600,"Karimnagar, Telangana, India",lat=18.4348122&lon=79.1328042
329,Karimnagar,APR,2019,01-04-19,30-04-19,1554057000,1556562600,"Karimnagar, Telangana, India",lat=18.4348122&lon=79.1328042
330,Karimnagar,MAY,2019,01-05-19,31-05-19,1556649000,1559241000,"Karimnagar, Telangana, India",lat=18.4348122&lon=79.1328042
331,Karimnagar,JUN,2019,01-06-19,30-06-19,1559327400,1561833000,"Karimnagar, Telangana, India",lat=18.4348122&lon=79.1328042
332,Karimnagar,JUL,2019,01-07-19,31-07-19,1561919400,1564511400,"Karimnagar, Telangana, India",lat=18.4348122&lon=79.1328042
333,Karimnagar,AUG,2019,01-08-19,31-08-19,1564597800,1567189800,"Karimnagar, Telangana, India",lat=18.4348122&lon=79.1328042
334,Karimnagar,SEP,2019,01-09-19,30-09-19,1567276200,1569781800,"Karimnagar, Telangana, India",lat=18.4348122&lon=79.1328042
335,Karimnagar,OCT,2019,01-10-19,31-10-19,1569868200,1572460200,"Karimnagar, Telangana, India",lat=18.4348122&lon=79.1328042
336,Karimnagar,NOV,2019,01-11-19,30-11-19,1572546600,1575052200,"Karimnagar, Telangana, India",lat=18.4348122&lon=79.1328042
337,Karimnagar,DEC,2019,01-12-19,31-12-19,1575138600,1577730600,"Karimnagar, Telangana, India",lat=18.4348122&lon=79.1328042
338,Khammam,JAN,2019,01-01-19,31-01-19,1546281000,1548873000,"Khammam, Telangana, India",lat=17.5&lon=80.333333
339,Khammam,FEB,2019,01-02-19,28-02-19,1548959400,1551292200,"Khammam, Telangana, India",lat=17.5&lon=80.333333
340,Khammam,MAR,2019,01-03-19,31-03-19,1551378600,1553970600,"Khammam, Telangana, India",lat=17.5&lon=80.333333
341,Khammam,APR,2019,01-04-19,30-04-19,1554057000,1556562600,"Khammam, Telangana, India",lat=17.5&lon=80.333333
342,Khammam,MAY,2019,01-05-19,31-05-19,1556649000,1559241000,"Khammam, Telangana, India",lat=17.5&lon=80.333333
343,Khammam,JUN,2019,01-06-19,30-06-19,1559327400,1561833000,"Khammam, Telangana, India",lat=17.5&lon=80.333333
344,Khammam,JUL,2019,01-07-19,31-07-19,1561919400,1564511400,"Khammam, Telangana, India",lat=17.5&lon=80.333333
345,Khammam,AUG,2019,01-08-19,31-08-19,1564597800,1567189800,"Khammam, Telangana, India",lat=17.5&lon=80.333333
346,Khammam,SEP,2019,01-09-19,30-09-19,1567276200,1569781800,"Khammam, Telangana, India",lat=17.5&lon=80.333333
347,Khammam,OCT,2019,01-10-19,31-10-19,1569868200,1572460200,"Khammam, Telangana, India",lat=17.5&lon=80.333333
348,Khammam,NOV,2019,01-11-19,30-11-19,1572546600,1575052200,"Khammam, Telangana, India",lat=17.5&lon=80.333333
349,Khammam,DEC,2019,01-12-19,31-12-19,1575138600,1577730600,"Khammam, Telangana, India",lat=17.5&lon=80.333333
350,Adilabad,JAN,2018,01-01-18,31-01-18,1514745000,1517337000,"Adilabad, Telangana, India",lat=19.5&lon=78.5
351,Adilabad,FEB,2018,01-02-18,28-02-18,1517423400,1519756200,"Adilabad, Telangana, India",lat=19.5&lon=78.5
352,Adilabad,MAR,2018,01-03-18,31-03-18,1519842600,1522434600,"Adilabad, Telangana, India",lat=19.5&lon=78.5
353,Adilabad,APR,2018,01-04-18,30-04-18,1522521000,1525026600,"Adilabad, Telangana, India",lat=19.5&lon=78.5
354,Adilabad,MAY,2018,01-05-18,31-05-18,1525113000,1527705000,"Adilabad, Telangana, India",lat=19.5&lon=78.5
355,Adilabad,JUN,2018,01-06-18,30-06-18,1527791400,1530297000,"Adilabad, Telangana, India",lat=19.5&lon=78.5
356,Adilabad,JUL,2018,01-07-18,31-07-18,1530383400,1532975400,"Adilabad, Telangana, India",lat=19.5&lon=78.5
357,Adilabad,AUG,2018,01-08-18,31-08-18,1533061800,1535653800,"Adilabad, Telangana, India",lat=19.5&lon=78.5
358,Adilabad,SEP,2018,01-09-18,30-09-18,1535740200,1538245800,"Adilabad, Telangana, India",lat=19.5&lon=78.5
359,Adilabad,OCT,2018,01-10-18,31-10-18,1538332200,1540924200,"Adilabad, Telangana, India",lat=19.5&lon=78.5
360,Adilabad,NOV,2018,01-11-18,30-11-18,1541010600,1543516200,"Adilabad, Telangana, India",lat=19.5&lon=78.5
361,Adilabad,DEC,2018,01-12-18,31-12-18,1543602600,1546194600,"Adilabad, Telangana, India",lat=19.5&lon=78.5
362,Nizamabad,JAN,2018,01-01-18,31-01-18,1514745000,1517337000,"Nizamabad, Telangana, India",lat=18.75&lon=78.25
363,Nizamabad,FEB,2018,01-02-18,28-02-18,1517423400,1519756200,"Nizamabad, Telangana, India",lat=18.75&lon=78.25
364,Nizamabad,MAR,2018,01-03-18,31-03-18,1519842600,1522434600,"Nizamabad, Telangana, India",lat=18.75&lon=78.25
365,Nizamabad,APR,2018,01-04-18,30-04-18,1522521000,1525026600,"Nizamabad, Telangana, India",lat=18.75&lon=78.25
366,Nizamabad,MAY,2018,01-05-18,31-05-18,1525113000,1527705000,"Nizamabad, Telangana, India",lat=18.75&lon=78.25
367,Nizamabad,JUN,2018,01-06-18,30-06-18,1527791400,1530297000,"Nizamabad, Telangana, India",lat=18.75&lon=78.25
368,Nizamabad,JUL,2018,01-07-18,31-07-18,1530383400,1532975400,"Nizamabad, Telangana, India",lat=18.75&lon=78.25
369,Nizamabad,AUG,2018,01-08-18,31-08-18,1533061800,1535653800,"Nizamabad, Telangana, India",lat=18.75&lon=78.25
370,Nizamabad,SEP,2018,01-09-18,30-09-18,1535740200,1538245800,"Nizamabad, Telangana, India",lat=18.75&lon=78.25
371,Nizamabad,OCT,2018,01-10-18,31-10-18,1538332200,1540924200,"Nizamabad, Telangana, India",lat=18.75&lon=78.25
372,Nizamabad,NOV,2018,01-11-18,30-11-18,1541010600,1543516200,"Nizamabad, Telangana, India",lat=18.75&lon=78.25
373,Nizamabad,DEC,2018,01-12-18,31-12-18,1543602600,1546194600,"Nizamabad, Telangana, India",lat=18.75&lon=78.25
374,Warangal,JAN,2018,01-01-18,31-01-18,1514745000,1517337000,"Warangal, Telangana, India",lat=17.9820644&lon=79.5970954
375,Warangal,FEB,2018,01-02-18,28-02-18,1517423400,1519756200,"Warangal, Telangana, India",lat=17.9820644&lon=79.5970954
376,Warangal,MAR,2018,01-03-18,31-03-18,1519842600,1522434600,"Warangal, Telangana, India",lat=17.9820644&lon=79.5970954
377,Warangal,APR,2018,01-04-18,30-04-18,1522521000,1525026600,"Warangal, Telangana, India",lat=17.9820644&lon=79.5970954
378,Warangal,MAY,2018,01-05-18,31-05-18,1525113000,1527705000,"Warangal, Telangana, India",lat=17.9820644&lon=79.5970954
379,Warangal,JUN,2018,01-06-18,30-06-18,1527791400,1530297000,"Warangal, Telangana, India",lat=17.9820644&lon=79.5970954
380,Warangal,JUL,2018,01-07-18,31-07-18,1530383400,1532975400,"Warangal, Telangana, India",lat=17.9820644&lon=79.5970954
381,Warangal,AUG,2018,01-08-18,31-08-18,1533061800,1535653800,"Warangal, Telangana, India",lat=17.9820644&lon=79.5970954
382,Warangal,SEP,2018,01-09-18,30-09-18,1535740200,1538245800,"Warangal, Telangana, India",lat=17.9820644&lon=79.5970954
383,Warangal,OCT,2018,01-10-18,31-10-18,1538332200,1540924200,"Warangal, Telangana, India",lat=17.9820644&lon=79.5970954
384,Warangal,NOV,2018,01-11-18,30-11-18,1541010600,1543516200,"Warangal, Telangana, India",lat=17.9820644&lon=79.5970954
385,Warangal,DEC,2018,01-12-18,31-12-18,1543602600,1546194600,"Warangal, Telangana, India",lat=17.9820644&lon=79.5970954
386,Warangal,JAN,2018,01-01-18,31-01-18,1514745000,1517337000,"Warangal, Telangana, India",lat=17.9820644&lon=79.5970954
387,Warangal,FEB,2018,01-02-18,28-02-18,1517423400,1519756200,"Warangal, Telangana, India",lat=17.9820644&lon=79.5970954
388,Warangal,MAR,2018,01-03-18,31-03-18,1519842600,1522434600,"Warangal, Telangana, India",lat=17.9820644&lon=79.5970954
389,Warangal,APR,2018,01-04-18,30-04-18,1522521000,1525026600,"Warangal, Telangana, India",lat=17.9820644&lon=79.5970954
390,Warangal,MAY,2018,01-05-18,31-05-18,1525113000,1527705000,"Warangal, Telangana, India",lat=17.9820644&lon=79.5970954
391,Warangal,JUN,2018,01-06-18,30-06-18,1527791400,1530297000,"Warangal, Telangana, India",lat=17.9820644&lon=79.5970954
392,Warangal,JUL,2018,01-07-18,31-07-18,1530383400,1532975400,"Warangal, Telangana, India",lat=17.9820644&lon=79.5970954
393,Warangal,AUG,2018,01-08-18,31-08-18,1533061800,1535653800,"Warangal, Telangana, India",lat=17.9820644&lon=79.5970954
394,Warangal,SEP,2018,01-09-18,30-09-18,1535740200,1538245800,"Warangal, Telangana, India",lat=17.9820644&lon=79.5970954
395,Warangal,OCT,2018,01-10-18,31-10-18,1538332200,1540924200,"Warangal, Telangana, India",lat=17.9820644&lon=79.5970954
396,Warangal,NOV,2018,01-11-18,30-11-18,1541010600,1543516200,"Warangal, Telangana, India",lat=17.9820644&lon=79.5970954
397,Warangal,DEC,2018,01-12-18,31-12-18,1543602600,1546194600,"Warangal, Telangana, India",lat=17.9820644&lon=79.5970954
398,Karimnagar,JAN,2018,01-01-18,31-01-18,1514745000,1517337000,"Karimnagar, Telangana, India",lat=18.4348122&lon=79.1328042
399,Karimnagar,FEB,2018,01-02-18,28-02-18,1517423400,1519756200,"Karimnagar, Telangana, India",lat=18.4348122&lon=79.1328042
400,Karimnagar,MAR,2018,01-03-18,31-03-18,1519842600,1522434600,"Karimnagar, Telangana, India",lat=18.4348122&lon=79.1328042
401,Karimnagar,APR,2018,01-04-18,30-04-18,1522521000,1525026600,"Karimnagar, Telangana, India",lat=18.4348122&lon=79.1328042
402,Karimnagar,MAY,2018,01-05-18,31-05-18,1525113000,1527705000,"Karimnagar, Telangana, India",lat=18.4348122&lon=79.1328042
403,Karimnagar,JUN,2018,01-06-18,30-06-18,1527791400,1530297000,"Karimnagar, Telangana, India",lat=18.4348122&lon=79.1328042
404,Karimnagar,JUL,2018,01-07-18,31-07-18,1530383400,1532975400,"Karimnagar, Telangana, India",lat=18.4348122&lon=79.1328042
405,Karimnagar,AUG,2018,01-08-18,31-08-18,1533061800,1535653800,"Karimnagar, Telangana, India",lat=18.4348122&lon=79.1328042
406,Karimnagar,SEP,2018,01-09-18,30-09-18,1535740200,1538245800,"Karimnagar, Telangana, India",lat=18.4348122&lon=79.1328042
407,Karimnagar,OCT,2018,01-10-18,31-10-18,1538332200,1540924200,"Karimnagar, Telangana, India",lat=18.4348122&lon=79.1328042
408,Karimnagar,NOV,2018,01-11-18,30-11-18,1541010600,1543516200,"Karimnagar, Telangana, India",lat=18.4348122&lon=79.1328042
409,Karimnagar,DEC,2018,01-12-18,31-12-18,1543602600,1546194600,"Karimnagar, Telangana, India",lat=18.4348122&lon=79.1328042
410,Karimnagar,JAN,2018,01-01-18,31-01-18,1514745000,1517337000,"Karimnagar, Telangana, India",lat=18.4348122&lon=79.1328042
411,Karimnagar,FEB,2018,01-02-18,28-02-18,1517423400,1519756200,"Karimnagar, Telangana, India",lat=18.4348122&lon=79.1328042
412,Karimnagar,MAR,2018,01-03-18,31-03-18,1519842600,1522434600,"Karimnagar, Telangana, India",lat=18.4348122&lon=79.1328042
413,Karimnagar,APR,2018,01-04-18,30-04-18,1522521000,1525026600,"Karimnagar, Telangana, India",lat=18.4348122&lon=79.1328042
414,Karimnagar,MAY,2018,01-05-18,31-05-18,1525113000,1527705000,"Karimnagar, Telangana, India",lat=18.4348122&lon=79.1328042
415,Karimnagar,JUN,2018,01-06-18,30-06-18,1527791400,1530297000,"Karimnagar, Telangana, India",lat=18.4348122&lon=79.1328042
416,Karimnagar,JUL,2018,01-07-18,31-07-18,1530383400,1532975400,"Karimnagar, Telangana, India",lat=18.4348122&lon=79.1328042
417,Karimnagar,AUG,2018,01-08-18,31-08-18,1533061800,1535653800,"Karimnagar, Telangana, India",lat=18.4348122&lon=79.1328042
418,Karimnagar,SEP,2018,01-09-18,30-09-18,1535740200,1538245800,"Karimnagar, Telangana, India",lat=18.4348122&lon=79.1328042
419,Karimnagar,OCT,2018,01-10-18,31-10-18,1538332200,1540924200,"Karimnagar, Telangana, India",lat=18.4348122&lon=79.1328042
420,Karimnagar,NOV,2018,01-11-18,30-11-18,1541010600,1543516200,"Karimnagar, Telangana, India",lat=18.4348122&lon=79.1328042
421,Karimnagar,DEC,2018,01-12-18,31-12-18,1543602600,1546194600,"Karimnagar, Telangana, India",lat=18.4348122&lon=79.1328042
422,Khammam,JAN,2018,01-01-18,31-01-18,1514745000,1517337000,"Khammam, Telangana, India",lat=17.5&lon=80.333333
423,Khammam,FEB,2018,01-02-18,28-02-18,1517423400,1519756200,"Khammam, Telangana, India",lat=17.5&lon=80.333333
424,Khammam,MAR,2018,01-03-18,31-03-18,1519842600,1522434600,"Khammam, Telangana, India",lat=17.5&lon=80.333333
425,Khammam,APR,2018,01-04-18,30-04-18,1522521000,1525026600,"Khammam, Telangana, India",lat=17.5&lon=80.333333
426,Khammam,MAY,2018,01-05-18,31-05-18,1525113000,1527705000,"Khammam, Telangana, India",lat=17.5&lon=80.333333
427,Khammam,JUN,2018,01-06-18,30-06-18,1527791400,1530297000,"Khammam, Telangana, India",lat=17.5&lon=80.333333
428,Khammam,JUL,2018,01-07-18,31-07-18,1530383400,1532975400,"Khammam, Telangana, India",lat=17.5&lon=80.333333
429,Khammam,AUG,2018,01-08-18,31-08-18,1533061800,1535653800,"Khammam, Telangana, India",lat=17.5&lon=80.333333
430,Khammam,SEP,2018,01-09-18,30-09-18,1535740200,1538245800,"Khammam, Telangana, India",lat=17.5&lon=80.333333
431,Khammam,OCT,2018,01-10-18,31-10-18,1538332200,1540924200,"Khammam, Telangana, India",lat=17.5&lon=80.333333
432,Khammam,NOV,2018,01-11-18,30-11-18,1541010600,1543516200,"Khammam, Telangana, India",lat=17.5&lon=80.333333
433,Khammam,DEC,2018,01-12-18,31-12-18,1543602600,1546194600,"Khammam, Telangana, India",lat=17.5&lon=80.333333
434,Adilabad,JAN,2017,01-01-17,31-01-17,1483209000,1485801000,"Adilabad, Telangana, India",lat=19.5&lon=78.5
435,Adilabad,FEB,2017,01-02-17,28-02-17,1485887400,1488220200,"Adilabad, Telangana, India",lat=19.5&lon=78.5
436,Adilabad,MAR,2017,01-03-17,31-03-17,1488306600,1490898600,"Adilabad, Telangana, India",lat=19.5&lon=78.5
437,Adilabad,APR,2017,01-04-17,30-04-17,1490985000,1493490600,"Adilabad, Telangana, India",lat=19.5&lon=78.5
438,Adilabad,MAY,2017,01-05-17,31-05-17,1493577000,1496169000,"Adilabad, Telangana, India",lat=19.5&lon=78.5
439,Adilabad,JUN,2017,01-06-17,30-06-17,1496255400,1498761000,"Adilabad, Telangana, India",lat=19.5&lon=78.5
440,Adilabad,JUL,2017,01-07-17,31-07-17,1498847400,1501439400,"Adilabad, Telangana, India",lat=19.5&lon=78.5
441,Adilabad,AUG,2017,01-08-17,31-08-17,1501525800,1504117800,"Adilabad, Telangana, India",lat=19.5&lon=78.5
442,Adilabad,SEP,2017,01-09-17,30-09-17,1504204200,1506709800,"Adilabad, Telangana, India",lat=19.5&lon=78.5
443,Adilabad,OCT,2017,01-10-17,31-10-17,1506796200,1509388200,"Adilabad, Telangana, India",lat=19.5&lon=78.5
444,Adilabad,NOV,2017,01-11-17,30-11-17,1509474600,1511980200,"Adilabad, Telangana, India",lat=19.5&lon=78.5
445,Adilabad,DEC,2017,01-12-17,31-12-17,1512066600,1514658600,"Adilabad, Telangana, India",lat=19.5&lon=78.5
446,Nizamabad,JAN,2017,01-01-17,31-01-17,1483209000,1485801000,"Nizamabad, Telangana, India",lat=18.75&lon=78.25
447,Nizamabad,FEB,2017,01-02-17,28-02-17,1485887400,1488220200,"Nizamabad, Telangana, India",lat=18.75&lon=78.25
448,Nizamabad,MAR,2017,01-03-17,31-03-17,1488306600,1490898600,"Nizamabad, Telangana, India",lat=18.75&lon=78.25
449,Nizamabad,APR,2017,01-04-17,30-04-17,1490985000,1493490600,"Nizamabad, Telangana, India",lat=18.75&lon=78.25
450,Nizamabad,MAY,2017,01-05-17,31-05-17,1493577000,1496169000,"Nizamabad, Telangana, India",lat=18.75&lon=78.25
451,Nizamabad,JUN,2017,01-06-17,30-06-17,1496255400,1498761000,"Nizamabad, Telangana, India",lat=18.75&lon=78.25
452,Nizamabad,JUL,2017,01-07-17,31-07-17,1498847400,1501439400,"Nizamabad, Telangana, India",lat=18.75&lon=78.25
453,Nizamabad,AUG,2017,01-08-17,31-08-17,1501525800,1504117800,"Nizamabad, Telangana, India",lat=18.75&lon=78.25
454,Nizamabad,SEP,2017,01-09-17,30-09-17,1504204200,1506709800,"Nizamabad, Telangana, India",lat=18.75&lon=78.25
455,Nizamabad,OCT,2017,01-10-17,31-10-17,1506796200,1509388200,"Nizamabad, Telangana, India",lat=18.75&lon=78.25
456,Nizamabad,NOV,2017,01-11-17,30-11-17,1509474600,1511980200,"Nizamabad, Telangana, India",lat=18.75&lon=78.25
457,Nizamabad,DEC,2017,01-12-17,31-12-17,1512066600,1514658600,"Nizamabad, Telangana, India",lat=18.75&lon=78.25
458,Warangal,JAN,2017,01-01-17,31-01-17,1483209000,1485801000,"Warangal, Telangana, India",lat=17.9820644&lon=79.5970954
459,Warangal,FEB,2017,01-02-17,28-02-17,1485887400,1488220200,"Warangal, Telangana, India",lat=17.9820644&lon=79.5970954
460,Warangal,MAR,2017,01-03-17,31-03-17,1488306600,1490898600,"Warangal, Telangana, India",lat=17.9820644&lon=79.5970954
461,Warangal,APR,2017,01-04-17,30-04-17,1490985000,1493490600,"Warangal, Telangana, India",lat=17.9820644&lon=79.5970954
462,Warangal,MAY,2017,01-05-17,31-05-17,1493577000,1496169000,"Warangal, Telangana, India",lat=17.9820644&lon=79.5970954
463,Warangal,JUN,2017,01-06-17,30-06-17,1496255400,1498761000,"Warangal, Telangana, India",lat=17.9820644&lon=79.5970954
464,Warangal,JUL,2017,01-07-17,31-07-17,1498847400,1501439400,"Warangal, Telangana, India",lat=17.9820644&lon=79.5970954
465,Warangal,AUG,2017,01-08-17,31-08-17,1501525800,1504117800,"Warangal, Telangana, India",lat=17.9820644&lon=79.5970954
466,Warangal,SEP,2017,01-09-17,30-09-17,1504204200,1506709800,"Warangal, Telangana, India",lat=17.9820644&lon=79.5970954
467,Warangal,OCT,2017,01-10-17,31-10-17,1506796200,1509388200,"Warangal, Telangana, India",lat=17.9820644&lon=79.5970954
468,Warangal,NOV,2017,01-11-17,30-11-17,1509474600,1511980200,"Warangal, Telangana, India",lat=17.9820644&lon=79.5970954
469,Warangal,DEC,2017,01-12-17,31-12-17,1512066600,1514658600,"Warangal, Telangana, India",lat=17.9820644&lon=79.5970954
470,Warangal,JAN,2017,01-01-17,31-01-17,1483209000,1485801000,"Warangal, Telangana, India",lat=17.9820644&lon=79.5970954
471,Warangal,FEB,2017,01-02-17,28-02-17,1485887400,1488220200,"Warangal, Telangana, India",lat=17.9820644&lon=79.5970954
472,Warangal,MAR,2017,01-03-17,31-03-17,1488306600,1490898600,"Warangal, Telangana, India",lat=17.9820644&lon=79.5970954
473,Warangal,APR,2017,01-04-17,30-04-17,1490985000,1493490600,"Warangal, Telangana, India",lat=17.9820644&lon=79.5970954
474,Warangal,MAY,2017,01-05-17,31-05-17,1493577000,1496169000,"Warangal, Telangana, India",lat=17.9820644&lon=79.5970954
475,Warangal,JUN,2017,01-06-17,30-06-17,1496255400,1498761000,"Warangal, Telangana, India",lat=17.9820644&lon=79.5970954
476,Warangal,JUL,2017,01-07-17,31-07-17,1498847400,1501439400,"Warangal, Telangana, India",lat=17.9820644&lon=79.5970954
477,Warangal,AUG,2017,01-08-17,31-08-17,1501525800,1504117800,"Warangal, Telangana, India",lat=17.9820644&lon=79.5970954
478,Warangal,SEP,2017,01-09-17,30-09-17,1504204200,1506709800,"Warangal, Telangana, India",lat=17.9820644&lon=79.5970954
479,Warangal,OCT,2017,01-10-17,31-10-17,1506796200,1509388200,"Warangal, Telangana, India",lat=17.9820644&lon=79.5970954
480,Warangal,NOV,2017,01-11-17,30-11-17,1509474600,1511980200,"Warangal, Telangana, India",lat=17.9820644&lon=79.5970954
481,Warangal,DEC,2017,01-12-17,31-12-17,1512066600,1514658600,"Warangal, Telangana, India",lat=17.9820644&lon=79.5970954
482,Karimnagar,JAN,2017,01-01-17,31-01-17,1483209000,1485801000,"Karimnagar, Telangana, India",lat=18.4348122&lon=79.1328042
483,Karimnagar,FEB,2017,01-02-17,28-02-17,1485887400,1488220200,"Karimnagar, Telangana, India",lat=18.4348122&lon=79.1328042
484,Karimnagar,MAR,2017,01-03-17,31-03-17,1488306600,1490898600,"Karimnagar, Telangana, India",lat=18.4348122&lon=79.1328042
485,Karimnagar,APR,2017,01-04-17,30-04-17,1490985000,1493490600,"Karimnagar, Telangana, India",lat=18.4348122&lon=79.1328042
486,Karimnagar,MAY,2017,01-05-17,31-05-17,1493577000,1496169000,"Karimnagar, Telangana, India",lat=18.4348122&lon=79.1328042
487,Karimnagar,JUN,2017,01-06-17,30-06-17,1496255400,1498761000,"Karimnagar, Telangana, India",lat=18.4348122&lon=79.1328042
488,Karimnagar,JUL,2017,01-07-17,31-07-17,1498847400,1501439400,"Karimnagar, Telangana, India",lat=18.4348122&lon=79.1328042
489,Karimnagar,AUG,2017,01-08-17,31-08-17,1501525800,1504117800,"Karimnagar, Telangana, India",lat=18.4348122&lon=79.1328042
490,Karimnagar,SEP,2017,01-09-17,30-09-17,1504204200,1506709800,"Karimnagar, Telangana, India",lat=18.4348122&lon=79.1328042
491,Karimnagar,OCT,2017,01-10-17,31-10-17,1506796200,1509388200,"Karimnagar, Telangana, India",lat=18.4348122&lon=79.1328042
492,Karimnagar,NOV,2017,01-11-17,30-11-17,1509474600,1511980200,"Karimnagar, Telangana, India",lat=18.4348122&lon=79.1328042
493,Karimnagar,DEC,2017,01-12-17,31-12-17,1512066600,1514658600,"Karimnagar, Telangana, India",lat=18.4348122&lon=79.1328042
494,Karimnagar,JAN,2017,01-01-17,31-01-17,1483209000,1485801000,"Karimnagar, Telangana, India",lat=18.4348122&lon=79.1328042
495,Karimnagar,FEB,2017,01-02-17,28-02-17,1485887400,1488220200,"Karimnagar, Telangana, India",lat=18.4348122&lon=79.1328042
496,Karimnagar,MAR,2017,01-03-17,31-03-17,1488306600,1490898600,"Karimnagar, Telangana, India",lat=18.4348122&lon=79.1328042
497,Karimnagar,APR,2017,01-04-17,30-04-17,1490985000,1493490600,"Karimnagar, Telangana, India",lat=18.4348122&lon=79.1328042
498,Karimnagar,MAY,2017,01-05-17,31-05-17,1493577000,1496169000,"Karimnagar, Telangana, India",lat=18.4348122&lon=79.1328042
499,Karimnagar,JUN,2017,01-06-17,30-06-17,1496255400,1498761000,"Karimnagar, Telangana, India",lat=18.4348122&lon=79.1328042
500,Karimnagar,JUL,2017,01-07-17,31-07-17,1498847400,1501439400,"Karimnagar, Telangana, India",lat=18.4348122&lon=79.1328042
501,Karimnagar,AUG,2017,01-08-17,31-08-17,1501525800,1504117800,"Karimnagar, Telangana, India",lat=18.4348122&lon=79.1328042
502,Karimnagar,SEP,2017,01-09-17,30-09-17,1504204200,1506709800,"Karimnagar, Telangana, India",lat=18.4348122&lon=79.1328042
503,Karimnagar,OCT,2017,01-10-17,31-10-17,1506796200,1509388200,"Karimnagar, Telangana, India",lat=18.4348122&lon=79.1328042
504,Karimnagar,NOV,2017,01-11-17,30-11-17,1509474600,1511980200,"Karimnagar, Telangana, India",lat=18.4348122&lon=79.1328042
505,Karimnagar,DEC,2017,01-12-17,31-12-17,1512066600,1514658600,"Karimnagar, Telangana, India",lat=18.4348122&lon=79.1328042
506,Khammam,JAN,2017,01-01-17,31-01-17,1483209000,1485801000,"Khammam, Telangana, India",lat=17.5&lon=80.333333
507,Khammam,FEB,2017,01-02-17,28-02-17,1485887400,1488220200,"Khammam, Telangana, India",lat=17.5&lon=80.333333
508,Khammam,MAR,2017,01-03-17,31-03-17,1488306600,1490898600,"Khammam, Telangana, India",lat=17.5&lon=80.333333
509,Khammam,APR,2017,01-04-17,30-04-17,1490985000,1493490600,"Khammam, Telangana, India",lat=17.5&lon=80.333333
510,Khammam,MAY,2017,01-05-17,31-05-17,1493577000,1496169000,"Khammam, Telangana, India",lat=17.5&lon=80.333333
511,Khammam,JUN,2017,01-06-17,30-06-17,1496255400,1498761000,"Khammam, Telangana, India",lat=17.5&lon=80.333333
512,Khammam,JUL,2017,01-07-17,31-07-17,1498847400,1501439400,"Khammam, Telangana, India",lat=17.5&lon=80.333333
513,Khammam,AUG,2017,01-08-17,31-08-17,1501525800,1504117800,"Khammam, Telangana, India",lat=17.5&lon=80.333333
514,Khammam,SEP,2017,01-09-17,30-09-17,1504204200,1506709800,"Khammam, Telangana, India",lat=17.5&lon=80.333333
515,Khammam,OCT,2017,01-10-17,31-10-17,1506796200,1509388200,"Khammam, Telangana, India",lat=17.5&lon=80.333333
516,Khammam,NOV,2017,01-11-17,30-11-17,1509474600,1511980200,"Khammam, Telangana, India",lat=17.5&lon=80.333333
517,Khammam,DEC,2017,01-12-17,31-12-17,1512066600,1514658600,"Khammam, Telangana, India",lat=17.5&lon=80.333333
518,Adilabad,JAN,2016,01-01-16,31-01-16,1451586600,1454178600,"Adilabad, Telangana, India",lat=19.5&lon=78.5
519,Adilabad,FEB,2016,01-02-16,29-02-16,1454265000,1456684200,"Adilabad, Telangana, India",lat=19.5&lon=78.5
520,Adilabad,MAR,2016,01-03-16,31-03-16,1456770600,1459362600,"Adilabad, Telangana, India",lat=19.5&lon=78.5
521,Adilabad,APR,2016,01-04-16,30-04-16,1459449000,1461954600,"Adilabad, Telangana, India",lat=19.5&lon=78.5
522,Adilabad,MAY,2016,01-05-16,31-05-16,1462041000,1464633000,"Adilabad, Telangana, India",lat=19.5&lon=78.5
523,Adilabad,JUN,2016,01-06-16,30-06-16,1464719400,1467225000,"Adilabad, Telangana, India",lat=19.5&lon=78.5
524,Adilabad,JUL,2016,01-07-16,31-07-16,1467311400,1469903400,"Adilabad, Telangana, India",lat=19.5&lon=78.5
525,Adilabad,AUG,2016,01-08-16,31-08-16,1469989800,1472581800,"Adilabad, Telangana, India",lat=19.5&lon=78.5
526,Adilabad,SEP,2016,01-09-16,30-09-16,1472668200,1475173800,"Adilabad, Telangana, India",lat=19.5&lon=78.5
527,Adilabad,OCT,2016,01-10-16,31-10-16,1475260200,1477852200,"Adilabad, Telangana, India",lat=19.5&lon=78.5
528,Adilabad,NOV,2016,01-11-16,30-11-16,1477938600,1480444200,"Adilabad, Telangana, India",lat=19.5&lon=78.5
529,Adilabad,DEC,2016,01-12-16,31-12-16,1480530600,1483122600,"Adilabad, Telangana, India",lat=19.5&lon=78.5
530,Nizamabad,JAN,2016,01-01-16,31-01-16,1451586600,1454178600,"Nizamabad, Telangana, India",lat=18.75&lon=78.25
531,Nizamabad,FEB,2016,01-02-16,29-02-16,1454265000,1456684200,"Nizamabad, Telangana, India",lat=18.75&lon=78.25
532,Nizamabad,MAR,2016,01-03-16,31-03-16,1456770600,1459362600,"Nizamabad, Telangana, India",lat=18.75&lon=78.25
533,Nizamabad,APR,2016,01-04-16,30-04-16,1459449000,1461954600,"Nizamabad, Telangana, India",lat=18.75&lon=78.25
534,Nizamabad,MAY,2016,01-05-16,31-05-16,1462041000,1464633000,"Nizamabad, Telangana, India",lat=18.75&lon=78.25
535,Nizamabad,JUN,2016,01-06-16,30-06-16,1464719400,1467225000,"Nizamabad, Telangana, India",lat=18.75&lon=78.25
536,Nizamabad,JUL,2016,01-07-16,31-07-16,1467311400,1469903400,"Nizamabad, Telangana, India",lat=18.75&lon=78.25
537,Nizamabad,AUG,2016,01-08-16,31-08-16,1469989800,1472581800,"Nizamabad, Telangana, India",lat=18.75&lon=78.25
538,Nizamabad,SEP,2016,01-09-16,30-09-16,1472668200,1475173800,"Nizamabad, Telangana, India",lat=18.75&lon=78.25
539,Nizamabad,OCT,2016,01-10-16,31-10-16,1475260200,1477852200,"Nizamabad, Telangana, India",lat=18.75&lon=78.25
540,Nizamabad,NOV,2016,01-11-16,30-11-16,1477938600,1480444200,"Nizamabad, Telangana, India",lat=18.75&lon=78.25
541,Nizamabad,DEC,2016,01-12-16,31-12-16,1480530600,1483122600,"Nizamabad, Telangana, India",lat=18.75&lon=78.25
542,Warangal,JAN,2016,01-01-16,31-01-16,1451586600,1454178600,"Warangal, Telangana, India",lat=17.9820644&lon=79.5970954
543,Warangal,FEB,2016,01-02-16,29-02-16,1454265000,1456684200,"Warangal, Telangana, India",lat=17.9820644&lon=79.5970954
544,Warangal,MAR,2016,01-03-16,31-03-16,1456770600,1459362600,"Warangal, Telangana, India",lat=17.9820644&lon=79.5970954
545,Warangal,APR,2016,01-04-16,30-04-16,1459449000,1461954600,"Warangal, Telangana, India",lat=17.9820644&lon=79.5970954
546,Warangal,MAY,2016,01-05-16,31-05-16,1462041000,1464633000,"Warangal, Telangana, India",lat=17.9820644&lon=79.5970954
547,Warangal,JUN,2016,01-06-16,30-06-16,1464719400,1467225000,"Warangal, Telangana, India",lat=17.9820644&lon=79.5970954
548,Warangal,JUL,2016,01-07-16,31-07-16,1467311400,1469903400,"Warangal, Telangana, India",lat=17.9820644&lon=79.5970954
549,Warangal,AUG,2016,01-08-16,31-08-16,1469989800,1472581800,"Warangal, Telangana, India",lat=17.9820644&lon=79.5970954
550,Warangal,SEP,2016,01-09-16,30-09-16,1472668200,1475173800,"Warangal, Telangana, India",lat=17.9820644&lon=79.5970954
551,Warangal,OCT,2016,01-10-16,31-10-16,1475260200,1477852200,"Warangal, Telangana, India",lat=17.9820644&lon=79.5970954
552,Warangal,NOV,2016,01-11-16,30-11-16,1477938600,1480444200,"Warangal, Telangana, India",lat=17.9820644&lon=79.5970954
553,Warangal,DEC,2016,01-12-16,31-12-16,1480530600,1483122600,"Warangal, Telangana, India",lat=17.9820644&lon=79.5970954
554,Warangal,JAN,2016,01-01-16,31-01-16,1451586600,1454178600,"Warangal, Telangana, India",lat=17.9820644&lon=79.5970954
555,Warangal,FEB,2016,01-02-16,29-02-16,1454265000,1456684200,"Warangal, Telangana, India",lat=17.9820644&lon=79.5970954
556,Warangal,MAR,2016,01-03-16,31-03-16,1456770600,1459362600,"Warangal, Telangana, India",lat=17.9820644&lon=79.5970954
557,Warangal,APR,2016,01-04-16,30-04-16,1459449000,1461954600,"Warangal, Telangana, India",lat=17.9820644&lon=79.5970954
558,Warangal,MAY,2016,01-05-16,31-05-16,1462041000,1464633000,"Warangal, Telangana, India",lat=17.9820644&lon=79.5970954
559,Warangal,JUN,2016,01-06-16,30-06-16,1464719400,1467225000,"Warangal, Telangana, India",lat=17.9820644&lon=79.5970954
560,Warangal,JUL,2016,01-07-16,31-07-16,1467311400,1469903400,"Warangal, Telangana, India",lat=17.9820644&lon=79.5970954
561,Warangal,AUG,2016,01-08-16,31-08-16,1469989800,1472581800,"Warangal, Telangana, India",lat=17.9820644&lon=79.5970954
562,Warangal,SEP,2016,01-09-16,30-09-16,1472668200,1475173800,"Warangal, Telangana, India",lat=17.9820644&lon=79.5970954
563,Warangal,OCT,2016,01-10-16,31-10-16,1475260200,1477852200,"Warangal, Telangana, India",lat=17.9820644&lon=79.5970954
564,Warangal,NOV,2016,01-11-16,30-11-16,1477938600,1480444200,"Warangal, Telangana, India",lat=17.9820644&lon=79.5970954
565,Warangal,DEC,2016,01-12-16,31-12-16,1480530600,1483122600,"Warangal, Telangana, India",lat=17.9820644&lon=79.5970954
566,Karimnagar,JAN,2016,01-01-16,31-01-16,1451586600,1454178600,"Karimnagar, Telangana, India",lat=18.4348122&lon=79.1328042
567,Karimnagar,FEB,2016,01-02-16,29-02-16,1454265000,1456684200,"Karimnagar, Telangana, India",lat=18.4348122&lon=79.1328042
568,Karimnagar,MAR,2016,01-03-16,31-03-16,1456770600,1459362600,"Karimnagar, Telangana, India",lat=18.4348122&lon=79.1328042
569,Karimnagar,APR,2016,01-04-16,30-04-16,1459449000,1461954600,"Karimnagar, Telangana, India",lat=18.4348122&lon=79.1328042
570,Karimnagar,MAY,2016,01-05-16,31-05-16,1462041000,1464633000,"Karimnagar, Telangana, India",lat=18.4348122&lon=79.1328042
571,Karimnagar,JUN,2016,01-06-16,30-06-16,1464719400,1467225000,"Karimnagar, Telangana, India",lat=18.4348122&lon=79.1328042
572,Karimnagar,JUL,2016,01-07-16,31-07-16,1467311400,1469903400,"Karimnagar, Telangana, India",lat=18.4348122&lon=79.1328042
573,Karimnagar,AUG,2016,01-08-16,31-08-16,1469989800,1472581800,"Karimnagar, Telangana, India",lat=18.4348122&lon=79.1328042
574,Karimnagar,SEP,2016,01-09-16,30-09-16,1472668200,1475173800,"Karimnagar, Telangana, India",lat=18.4348122&lon=79.1328042
575,Karimnagar,OCT,2016,01-10-16,31-10-16,1475260200,1477852200,"Karimnagar, Telangana, India",lat=18.4348122&lon=79.1328042
576,Karimnagar,NOV,2016,01-11-16,30-11-16,1477938600,1480444200,"Karimnagar, Telangana, India",lat=18.4348122&lon=79.1328042
577,Karimnagar,DEC,2016,01-12-16,31-12-16,1480530600,1483122600,"Karimnagar, Telangana, India",lat=18.4348122&lon=79.1328042
578,Karimnagar,JAN,2016,01-01-16,31-01-16,1451586600,1454178600,"Karimnagar, Telangana, India",lat=18.4348122&lon=79.1328042
579,Karimnagar,FEB,2016,01-02-16,29-02-16,1454265000,1456684200,"Karimnagar, Telangana, India",lat=18.4348122&lon=79.1328042
580,Karimnagar,MAR,2016,01-03-16,31-03-16,1456770600,1459362600,"Karimnagar, Telangana, India",lat=18.4348122&lon=79.1328042
581,Karimnagar,APR,2016,01-04-16,30-04-16,1459449000,1461954600,"Karimnagar, Telangana, India",lat=18.4348122&lon=79.1328042
582,Karimnagar,MAY,2016,01-05-16,31-05-16,1462041000,1464633000,"Karimnagar, Telangana, India",lat=18.4348122&lon=79.1328042
583,Karimnagar,JUN,2016,01-06-16,30-06-16,1464719400,1467225000,"Karimnagar, Telangana, India",lat=18.4348122&lon=79.1328042
584,Karimnagar,JUL,2016,01-07-16,31-07-16,1467311400,1469903400,"Karimnagar, Telangana, India",lat=18.4348122&lon=79.1328042
585,Karimnagar,AUG,2016,01-08-16,31-08-16,1469989800,1472581800,"Karimnagar, Telangana, India",lat=18.4348122&lon=79.1328042
586,Karimnagar,SEP,2016,01-09-16,30-09-16,1472668200,1475173800,"Karimnagar, Telangana, India",lat=18.4348122&lon=79.1328042
587,Karimnagar,OCT,2016,01-10-16,31-10-16,1475260200,1477852200,"Karimnagar, Telangana, India",lat=18.4348122&lon=79.1328042
588,Karimnagar,NOV,2016,01-11-16,30-11-16,1477938600,1480444200,"Karimnagar, Telangana, India",lat=18.4348122&lon=79.1328042
589,Karimnagar,DEC,2016,01-12-16,31-12-16,1480530600,1483122600,"Karimnagar, Telangana, India",lat=18.4348122&lon=79.1328042
590,Khammam,JAN,2016,01-01-16,31-01-16,1451586600,1454178600,"Khammam, Telangana, India",lat=17.5&lon=80.333333
591,Khammam,FEB,2016,01-02-16,29-02-16,1454265000,1456684200,"Khammam, Telangana, India",lat=17.5&lon=80.333333
592,Khammam,MAR,2016,01-03-16,31-03-16,1456770600,1459362600,"Khammam, Telangana, India",lat=17.5&lon=80.333333
593,Khammam,APR,2016,01-04-16,30-04-16,1459449000,1461954600,"Khammam, Telangana, India",lat=17.5&lon=80.333333
594,Khammam,MAY,2016,01-05-16,31-05-16,1462041000,1464633000,"Khammam, Telangana, India",lat=17.5&lon=80.333333
595,Khammam,JUN,2016,01-06-16,30-06-16,1464719400,1467225000,"Khammam, Telangana, India",lat=17.5&lon=80.333333
596,Khammam,JUL,2016,01-07-16,31-07-16,1467311400,1469903400,"Khammam, Telangana, India",lat=17.5&lon=80.333333
597,Khammam,AUG,2016,01-08-16,31-08-16,1469989800,1472581800,"Khammam, Telangana, India",lat=17.5&lon=80.333333
598,Khammam,SEP,2016,01-09-16,30-09-16,1472668200,1475173800,"Khammam, Telangana, India",lat=17.5&lon=80.333333
599,Khammam,OCT,2016,01-10-16,31-10-16,1475260200,1477852200,"Khammam, Telangana, India",lat=17.5&lon=80.333333
600,Khammam,NOV,2016,01-11-16,30-11-16,1477938600,1480444200,"Khammam, Telangana, India",lat=17.5&lon=80.333333
601,Khammam,DEC,2016,01-12-16,31-12-16,1480530600,1483122600,"Khammam, Telangana, India",lat=17.5&lon=80.333333
